{
  "title": "",
  "description": "",
  "variables": {
    "tabbar1SelectedItem": {
      "type": "string",
      "defaultValue": "People"
    }
  },
  "metadata": {},
  "types": {},
  "chains": {},
  "eventListeners": {},
  "imports": {
    "components": {
      "oj-ext-mobile-page-template": {
        "path": "vb/components/mobile-page-template/loader"
      },
      "oj-tab-bar": {
        "path": "ojs/ojnavigationlist"
      },
      "oj-switcher": {
        "path": "ojs/ojswitcher"
      }
    }
  }
}
