{
    "roleMapping": {
        "idcsHostUrl": "https://idcs-e91c379b3e394d6cb77be4c93dc917fe.identity.oraclecloud.com:443",
        "roles": {
            "Dr.": {
                "development": {
                    "users": [
                        {
                            "id": "615a115370ff485ab2081d290e3e3d6f",
                            "displayName": "Danaé Sanchez Gutierrez",
                            "userName": "Danaé Sanchez Gutierrez"
                        },
                        {
                            "id": "ece78d46549347c79cb28c8e73a0a750",
                            "displayName": "Víctor Mario Flores Hernández",
                            "userName": "Víctor Mario Flores Hernández"
                        }
                    ],
                    "groups": [
                        {
                            "id": "3496f19240d14174b76cf04e9fa507a0",
                            "displayName": "IDCS_Administrators"
                        }
                    ]
                }
            }
        }
    }
}