{
  "description": "",
  "routerFlow": "home",
  "variables": {
    "messagesADP": {
      "type": "vb/ArrayDataProvider2",
      "defaultValue": {
        "keyAttributes": "id",
        "itemType": "page:messageType"
      }
    }
  },
  "metadata": {},
  "types": {
    "messageType": {
      "id": "string",
      "severity": "string",
      "category": "string",
      "summary": "string",
      "detail": "string",
      "timestamp": "string",
      "autoTimeout": "number"
    }
  },
  "chains": {
    "showNotification": {
      "description": "Displays notifications sent by the Fire Notification action using the oj-messages component on this page.",
      "variables": {
        "eventPayload": {
          "type": "messageType",
          "input": "fromCaller"
        }
      },
      "root": "displayMessage",
      "actions": {
        "displayMessage": {
          "module": "vb/action/builtin/fireDataProviderEventAction",
          "parameters": {
            "target": "{{ $page.variables.messagesADP }}",
            "add": {
              "data": "{{ [ $chain.variables.eventPayload ] }}"
            }
          }
        }
      }
    },
    "closeNotificationHandler": {
      "description": "Removes the notification message when its dismiss gesture has been invoked.",
      "variables": {
        "eventMessage": {
          "type": "messageType",
          "input": "fromCaller"
        }
      },
      "root": "removeMessage",
      "actions": {
        "removeMessage": {
          "module": "vb/action/builtin/fireDataProviderEventAction",
          "parameters": {
            "target": "{{ $page.variables.messagesADP }}",
            "remove": {
              "keys": "{{ [ $variables.eventMessage.id ] }}"
            }
          }
        }
      }
    },
    "bottomBarNavigationChain": {
      "description": "Navigates to the flow selected in the bottom bar.",
      "variables": {
        "item": {
          "required": true,
          "type": "string",
          "input": "fromCaller"
        }
      },
      "root": "switch1",
      "actions": {
        "switch1": {
          "module": "vb/action/builtin/switchAction",
          "outcomes": {
            "home": "navigateToPage0",
            "community": "navigateToPage1",
            "jobs": "navigateToPage2",
            "profile": "navigateToPage3"
          },
          "parameters": {
            "caseValue": "{{ $chain.variables.item }}"
          }
        },
        "navigateToPage0": {
          "module": "vb/action/builtin/navigateAction",
          "parameters": {
            "page": "app/home"
          }
        },
        "navigateToPage1": {
          "module": "vb/action/builtin/navigateAction",
          "parameters": {
            "page": "app/community"
          }
        },
        "navigateToPage2": {
          "module": "vb/action/builtin/navigateAction",
          "parameters": {
            "page": "app/jobs"
          }
        },
        "navigateToPage3": {
          "module": "vb/action/builtin/navigateAction",
          "parameters": {
            "page": "app/profile"
          }
        }
      }
    }
  },
  "eventListeners": {
    "application:navigateToItem": {
      "chains": [
        {
          "chainId": "bottomBarNavigationChain",
          "parameters": {
            "item": "{{ $event.item }}"
          }
        }
      ]
    },
    "vbNotification": {
      "chains": [
        {
          "chainId": "showNotification",
          "parameters": {
            "eventPayload": "{{ { id: $event.key, summary: $event.summary, detail: $event.message, severity: $event.type, autoTimeout: $event.displayMode === 'transient' ? 0 : -1} }}"
          }
        }
      ]
    },
    "onMessageClose": {
      "chains": [
        {
          "chainId": "closeNotificationHandler",
          "parameters": {
            "eventMessage": "{{ $event.detail.message }}"
          }
        }
      ]
    },
    "bottomBarNavigation": {
      "chains": [
        {
          "chainId": "bottomBarNavigationChain",
          "parameters": {
            "item": "{{ $event.detail.value }}"
          }
        }
      ]
    }
  },
  "imports": {
    "components": {
      "oj-ext-mobile-navigation-bar-bottom": {
        "path": "vb/components/mobile-navigation-bar-bottom/loader"
      },
      "oj-messages": {
        "path": "ojs/ojmessages"
      }
    }
  },
  "translations": {}
}