{
    "fields": [
        {
            "displayLabel": "Id",
            "internal": true,
            "key": true,
            "name": "id",
            "oid": "4e06b184-6e3d-4f51-b1a0-737a3c052482",
            "required": true,
            "type": "number",
            "unique": true
        },
        {
            "displayLabel": "Created",
            "internal": true,
            "name": "creationDate",
            "oid": "85613a36-ecdd-4787-b0b5-e638f21af837",
            "type": "datetime"
        },
        {
            "displayLabel": "Last Updated",
            "internal": true,
            "name": "lastUpdateDate",
            "oid": "3d693e14-74e1-4100-a910-94701b2d466c",
            "type": "datetime"
        },
        {
            "displayLabel": "Created By",
            "internal": true,
            "name": "createdBy",
            "oid": "acb136d9-0a49-4255-8b37-a4b1f02fe522",
            "type": "string"
        },
        {
            "displayLabel": "Last Updated By",
            "internal": true,
            "name": "lastUpdatedBy",
            "oid": "e2431b81-4bb2-44e3-b5b0-62ed0dfb2b8a",
            "type": "string"
        },
        {
            "displayLabel": "<internal>",
            "hidden": true,
            "internal": true,
            "name": "abcsChangeNumber",
            "oid": "f29b4312-3ecf-4f4e-ae9e-91c3613173eb",
            "type": "number"
        }
    ],
    "name": "General",
    "oid": "0d98026c-3ac1-4dfb-adc2-03c0e683bfc8",
    "displayLabel": "General"
}