{
    "openapi": "3.0.0",
    "info": {
        "title": "Ords Equal Emp",
        "version": "1.0.0"
    },
    "servers": [
        {
            "url": "https://ge50b4e932e6b12-dbwr07v.adb.us-phoenix-1.oraclecloudapps.com/ords/equal/emp",
            "description": "Ords Equal Emp"
        }
    ],
    "paths": {
        "/hol/": {
            "get": {
                "operationId": "getHol",
                "responses": {
                    "default": {
                        "description": "Response for default",
                        "content": {
                            "application/json": {
                                "schema": {
                                    "$ref": "#/components/schemas/GetHol"
                                },
                                "examples": {
                                    "vb": {
                                        "summary": "Example stored by VB User",
                                        "externalValue": "./examples/getHol/response_default_application_json_vb.json"
                                    }
                                }
                            }
                        }
                    }
                },
                "x-vb": {
                    "actionHint": "getMany"
                }
            }
        }
    },
    "components": {
        "schemas": {
            "GetHol": {
                "type": "object",
                "properties": {
                    "items": {
                        "type": "array",
                        "items": {
                            "type": "object",
                            "properties": {
                                "empno": {
                                    "type": "integer"
                                },
                                "ename": {
                                    "type": "string"
                                },
                                "job": {
                                    "type": "string"
                                },
                                "mgr": {
                                    "type": "integer"
                                },
                                "hiredate": {
                                    "type": "string"
                                },
                                "sal": {
                                    "type": "integer"
                                },
                                "comm": {
                                    "type": "integer"
                                },
                                "deptno": {
                                    "type": "integer"
                                }
                            }
                        }
                    },
                    "hasMore": {
                        "type": "boolean"
                    },
                    "limit": {
                        "type": "integer"
                    },
                    "offset": {
                        "type": "integer"
                    },
                    "count": {
                        "type": "integer"
                    },
                    "links": {
                        "type": "array",
                        "items": {
                            "type": "object",
                            "properties": {
                                "rel": {
                                    "type": "string"
                                },
                                "href": {
                                    "type": "string"
                                }
                            }
                        }
                    }
                }
            }
        }
    }
}