{
  "title": "",
  "description": "",
  "variables": {
    "selectSingleADP": {
      "type": "vb/ArrayDataProvider2",
      "defaultValue" : {
        "keyAttributes": "value",
        "data": [
          {
            "value": "val1",
            "label": "Value1"
          },
          {
            "value": "val2",
            "label": "Value2"
          },
          {
            "value": "val3",
            "label": "Value3"
          }
        ]
      }
    }
  },
  "metadata": {},
  "types": {},
  "chains": {},
  "eventListeners": {},
  "imports": {
    "components": {
      "oj-ext-mobile-page-template": {
        "path": "vb/components/mobile-page-template/loader"
      },
      "oj-label": {
        "path": "ojs/ojlabel"
      },
      "oj-input-text": {
        "path": "ojs/ojinputtext"
      },
      "oj-text-area": {
        "path": "ojs/ojinputtext"
      },
      "oj-input-number": {
        "path": "ojs/ojinputnumber"
      },
      "oj-input-date": {
        "path": "ojs/ojdatetimepicker"
      },
      "oj-select-single": {
        "path": "ojs/ojselectsingle"
      },
      "oj-form-layout": {
        "path": "ojs/ojformlayout"
      },
      "oj-label-value": {
        "path": "ojs/ojlabelvalue"
      },
      "oj-button": {
        "path": "ojs/ojbutton"
      }
    }
  }
}